{"train_loss": [0.1565500671245806, 0.05402698037652944, 0.05246859018692538, 0.049861297848407794, 0.04916567028521644, 0.049282349659325174, 0.048378693915863864, 0.04770283091674372, 0.04737368864247155, 0.04536200240320571], "val_loss": [], "learning_rate": [0.001, 0.001, 0.001, 0.001, 0.001, 0.001, 0.001, 0.001, 0.001, 0.001]}